scenario_id,branch,reduced_criterion,reduction_factor,affected_weight_records_vs_EQ31,terminal_rough_Y,terminal_Y_crisp,complete_weak_order,winner_set,primary_EQ31_complete_weak_order,primary_EQ31_winner_set,complete_order_changed_vs_primary,winner_set_changed_vs_primary,max_abs_terminal_score_difference_vs_primary,interpretation
S1,SOURCE_AS_PUBLISHED_WORKBOOK,PC,0.95,0,"SFT-1=[0.796246725060773,0.912806108753184];SFT-2=[0.837847182144916,0.968174144606957];SFT-3=[0.827093231129652,0.940755598790618];SFT-4=[0.858943574355943,0.999995741024299];SFT-5=[0.847940864899292,0.984891019378974];SFT-6=[0.843348780239642,0.974214133716405]",SFT-1=0.854526416906978;SFT-2=0.903010663375936;SFT-3=0.883924414960135;SFT-4=0.929469657690121;SFT-5=0.916415942139133;SFT-6=0.908781456978024,SFT-4 > SFT-5 > SFT-6 > SFT-2 > SFT-3 > SFT-1,SFT-4,SFT-4 > SFT-5 > SFT-6 > SFT-2 > SFT-3 > SFT-1,SFT-4,NO,NO,4.44089209850063e-16,SECONDARY_SOURCE_ARTIFACT_AUDIT_ONLY__NOT_PRIMARY_NATIVE_SENSITIVITY
S2,SOURCE_AS_PUBLISHED_WORKBOOK,PC,0.85,0,"SFT-1=[0.797331333355476,0.918136781379505];SFT-2=[0.836955644002095,0.973303866381793];SFT-3=[0.824811350035517,0.942806053901882];SFT-4=[0.85449524086919,0.99999585816969];SFT-5=[0.845080303413874,0.98546883255698];SFT-6=[0.83839491852074,0.973606126636863]",SFT-1=0.857734057367491;SFT-2=0.905129755191944;SFT-3=0.883808701968699;SFT-4=0.92724554951944;SFT-5=0.915274567985427;SFT-6=0.906000522578802,SFT-4 > SFT-5 > SFT-6 > SFT-2 > SFT-3 > SFT-1,SFT-4,SFT-4 > SFT-5 > SFT-6 > SFT-2 > SFT-3 > SFT-1,SFT-4,NO,NO,4.44089209850063e-16,SECONDARY_SOURCE_ARTIFACT_AUDIT_ONLY__NOT_PRIMARY_NATIVE_SENSITIVITY
S3,SOURCE_AS_PUBLISHED_WORKBOOK,PC,0.75,0,"SFT-1=[0.798501476871812,0.92366608100467];SFT-2=[0.836234186246944,0.978812783940823];SFT-3=[0.822708984398757,0.945080843799812];SFT-4=[0.850210793058753,0.999996041054239];SFT-5=[0.842389241529877,0.986110290053287];SFT-6=[0.833623435857474,0.973066502365769]",SFT-1=0.861083778938241;SFT-2=0.907523485093884;SFT-3=0.883894914099284;SFT-4=0.925103417056496;SFT-5=0.914249765791582;SFT-6=0.903344969111621,SFT-4 > SFT-5 > SFT-2 > SFT-6 > SFT-3 > SFT-1,SFT-4,SFT-4 > SFT-5 > SFT-2 > SFT-6 > SFT-3 > SFT-1,SFT-4,NO,NO,4.44089209850063e-16,SECONDARY_SOURCE_ARTIFACT_AUDIT_ONLY__NOT_PRIMARY_NATIVE_SENSITIVITY
S4,SOURCE_AS_PUBLISHED_WORKBOOK,PC,0.65,0,"SFT-1=[0.799039313577512,0.928413446714598];SFT-2=[0.834860822388456,0.983660519390657];SFT-3=[0.819985118225308,0.946569473634574];SFT-4=[0.845226532224997,0.998894874618798];SFT-5=[0.839022822135092,0.985733288132922];SFT-6=[0.828201373666891,0.97154482666489]",SFT-1=0.863726380146055;SFT-2=0.909260670889556;SFT-3=0.883277295929941;SFT-4=0.922060703421898;SFT-5=0.912378055134007;SFT-6=0.89987310016589,SFT-4 > SFT-5 > SFT-2 > SFT-6 > SFT-3 > SFT-1,SFT-4,SFT-4 > SFT-5 > SFT-2 > SFT-6 > SFT-3 > SFT-1,SFT-4,NO,NO,4.44089209850063e-16,SECONDARY_SOURCE_ARTIFACT_AUDIT_ONLY__NOT_PRIMARY_NATIVE_SENSITIVITY
S5,SOURCE_AS_PUBLISHED_WORKBOOK,PC,0.55,0,"SFT-1=[0.798830090393359,0.932266057041205];SFT-2=[0.832730920545724,0.987770516513158];SFT-3=[0.816541724880667,0.9471676899558];SFT-4=[0.839448994388781,0.996569291556809];SFT-5=[0.834881213929868,0.98421695892197];SFT-6=[0.822041252305879,0.968928633346762]",SFT-1=0.865548073717282;SFT-2=0.910250718529441;SFT-3=0.881854707418234;SFT-4=0.918009142972795;SFT-5=0.909549086425919;SFT-6=0.895484942826321,SFT-4 > SFT-2 > SFT-5 > SFT-6 > SFT-3 > SFT-1,SFT-4,SFT-4 > SFT-2 > SFT-5 > SFT-6 > SFT-3 > SFT-1,SFT-4,NO,NO,4.44089209850063e-16,SECONDARY_SOURCE_ARTIFACT_AUDIT_ONLY__NOT_PRIMARY_NATIVE_SENSITIVITY
S6,SOURCE_AS_PUBLISHED_WORKBOOK,PC,0.45,0,"SFT-1=[0.798776849595081,0.936554693137642];SFT-2=[0.830867622698585,0.992600387641274];SFT-3=[0.813360375603803,0.948182368706316];SFT-4=[0.833921933667339,0.99438058750162];SFT-5=[0.830993240631914,0.982906396509343];SFT-6=[0.816147194127868,0.966515226953813]",SFT-1=0.867665771366362;SFT-2=0.911734005169929;SFT-3=0.880771372155059;SFT-4=0.914151260584479;SFT-5=0.906949818570628;SFT-6=0.891331210540841,SFT-4 > SFT-2 > SFT-5 > SFT-6 > SFT-3 > SFT-1,SFT-4,SFT-4 > SFT-2 > SFT-5 > SFT-6 > SFT-3 > SFT-1,SFT-4,NO,NO,4.44089209850063e-16,SECONDARY_SOURCE_ARTIFACT_AUDIT_ONLY__NOT_PRIMARY_NATIVE_SENSITIVITY
S7,SOURCE_AS_PUBLISHED_WORKBOOK,PC,0.35,0,"SFT-1=[0.798895050302798,0.941362196249083];SFT-2=[0.829274906595209,0.99826421149117];SFT-3=[0.810433459859079,0.949644863540309];SFT-4=[0.82862378059749,0.992317043192863];SFT-5=[0.827345047363923,0.981795801390958];SFT-6=[0.810496517625511,0.964292411624076]",SFT-1=0.87012862327594;SFT-2=0.913769559043189;SFT-3=0.880039161699694;SFT-4=0.910470411895177;SFT-5=0.90457042437744;SFT-6=0.887394464624794,SFT-2 > SFT-4 > SFT-5 > SFT-6 > SFT-3 > SFT-1,SFT-2,SFT-2 > SFT-4 > SFT-5 > SFT-6 > SFT-3 > SFT-1,SFT-2,NO,NO,4.44089209850063e-16,SECONDARY_SOURCE_ARTIFACT_AUDIT_ONLY__NOT_PRIMARY_NATIVE_SENSITIVITY
S8,SOURCE_AS_PUBLISHED_WORKBOOK,PC,0.25,0,"SFT-1=[0.796708947053487,0.94278382419191];SFT-2=[0.825188835597862,0.999981977601155];SFT-3=[0.805196788221456,0.947311141519786];SFT-4=[0.820803292024431,0.985538417261213];SFT-5=[0.821191136250395,0.976183960980276];SFT-6=[0.802541398577804,0.957713638963711]",SFT-1=0.869746385622698;SFT-2=0.912585406599508;SFT-3=0.876253964870621;SFT-4=0.903170854642822;SFT-5=0.898687548615335;SFT-6=0.880127518770757,SFT-2 > SFT-4 > SFT-5 > SFT-6 > SFT-3 > SFT-1,SFT-2,SFT-2 > SFT-4 > SFT-5 > SFT-6 > SFT-3 > SFT-1,SFT-2,NO,NO,5.55111512312578e-16,SECONDARY_SOURCE_ARTIFACT_AUDIT_ONLY__NOT_PRIMARY_NATIVE_SENSITIVITY
S9,SOURCE_AS_PUBLISHED_WORKBOOK,PC,0.15,0,"SFT-1=[0.793515569091261,0.942695233189867];SFT-2=[0.820019156795386,0.999988466623769];SFT-3=[0.798979524296901,0.943184048323046];SFT-4=[0.811920915560582,0.976414895433433];SFT-5=[0.813955892512396,0.968339698832345];SFT-6=[0.793649804077446,0.948994948181371]",SFT-1=0.868105401140564;SFT-2=0.910003811709577;SFT-3=0.871081786309974;SFT-4=0.894167905497007;SFT-5=0.89114779567237;SFT-6=0.871322376129409,SFT-2 > SFT-4 > SFT-5 > SFT-6 > SFT-3 > SFT-1,SFT-2,SFT-2 > SFT-4 > SFT-5 > SFT-6 > SFT-3 > SFT-1,SFT-2,NO,NO,4.44089209850063e-16,SECONDARY_SOURCE_ARTIFACT_AUDIT_ONLY__NOT_PRIMARY_NATIVE_SENSITIVITY
S10,SOURCE_AS_PUBLISHED_WORKBOOK,PC,0.05,0,"SFT-1=[0.790197937650845,0.942494467343051];SFT-2=[0.814731431004721,0.999995907881072];SFT-3=[0.792677102634739,0.93871623856011];SFT-4=[0.802946764082776,0.966612896728399];SFT-5=[0.80659742010317,0.959868848365856];SFT-6=[0.784722958547626,0.939694364083625]",SFT-1=0.866346202496948;SFT-2=0.907363669442897;SFT-3=0.865696670597425;SFT-4=0.884779830405588;SFT-5=0.883233134234513;SFT-6=0.862208661315625,SFT-2 > SFT-4 > SFT-5 > SFT-1 > SFT-3 > SFT-6,SFT-2,SFT-2 > SFT-4 > SFT-5 > SFT-1 > SFT-3 > SFT-6,SFT-2,NO,NO,4.44089209850063e-16,SECONDARY_SOURCE_ARTIFACT_AUDIT_ONLY__NOT_PRIMARY_NATIVE_SENSITIVITY
S11,SOURCE_AS_PUBLISHED_WORKBOOK,EU,0.95,0,"SFT-1=[0.79590715966124,0.910547759971531];SFT-2=[0.837868414759599,0.965686699525296];SFT-3=[0.828438915158757,0.939813469030806];SFT-4=[0.861297621107052,0.999995639963741];SFT-5=[0.849248512790936,0.984760761101695];SFT-6=[0.846408223318142,0.975088777112089]",SFT-1=0.853227459816385;SFT-2=0.901777557142447;SFT-3=0.884126192094781;SFT-4=0.930646630535396;SFT-5=0.917004636946315;SFT-6=0.910748500215116,SFT-4 > SFT-5 > SFT-6 > SFT-2 > SFT-3 > SFT-1,SFT-4,SFT-4 > SFT-5 > SFT-6 > SFT-2 > SFT-3 > SFT-1,SFT-4,NO,NO,4.44089209850063e-16,SECONDARY_SOURCE_ARTIFACT_AUDIT_ONLY__NOT_PRIMARY_NATIVE_SENSITIVITY
S12,SOURCE_AS_PUBLISHED_WORKBOOK,EU,0.85,0,"SFT-1=[0.79626203544371,0.911246573493715];SFT-2=[0.836895240555453,0.965590480972912];SFT-3=[0.828723385005991,0.939823296893934];SFT-4=[0.861442270189074,0.999995506718998];SFT-5=[0.848880669031927,0.985035045424396];SFT-6=[0.847449355681762,0.976190378576217]",SFT-1=0.853754304468712;SFT-2=0.901242860764182;SFT-3=0.884273340949962;SFT-4=0.930718888454036;SFT-5=0.916957857228162;SFT-6=0.911819867128989,SFT-4 > SFT-5 > SFT-6 > SFT-2 > SFT-3 > SFT-1,SFT-4,SFT-4 > SFT-5 > SFT-6 > SFT-2 > SFT-3 > SFT-1,SFT-4,NO,NO,4.44089209850063e-16,SECONDARY_SOURCE_ARTIFACT_AUDIT_ONLY__NOT_PRIMARY_NATIVE_SENSITIVITY
S13,SOURCE_AS_PUBLISHED_WORKBOOK,EU,0.75,0,"SFT-1=[0.796627514029163,0.911954227464247];SFT-2=[0.835924723347909,0.965491677102085];SFT-3=[0.829025169361203,0.939832460462589];SFT-4=[0.861608295387033,0.999995370785374];SFT-5=[0.848525678535017,0.985313419010427];SFT-6=[0.84852008611644,0.977309268446744]",SFT-1=0.854290870746705;SFT-2=0.900708200224997;SFT-3=0.884428814911896;SFT-4=0.930801833086203;SFT-5=0.916919548772722;SFT-6=0.912914677281592,SFT-4 > SFT-5 > SFT-6 > SFT-2 > SFT-3 > SFT-1,SFT-4,SFT-4 > SFT-5 > SFT-6 > SFT-2 > SFT-3 > SFT-1,SFT-4,NO,NO,3.33066907387547e-16,SECONDARY_SOURCE_ARTIFACT_AUDIT_ONLY__NOT_PRIMARY_NATIVE_SENSITIVITY
S14,SOURCE_AS_PUBLISHED_WORKBOOK,EU,0.65,0,"SFT-1=[0.797003383309066,0.912670885389144];SFT-2=[0.834955964223016,0.965390200353702];SFT-3=[0.829343980534804,0.939840924392591];SFT-4=[0.861795283406394,0.999995232135961];SFT-5=[0.848182907908531,0.985595974603823];SFT-6=[0.849620456004283,0.978445859839318]",SFT-1=0.854837134349105;SFT-2=0.900173082288359;SFT-3=0.884592452463698;SFT-4=0.930895257771177;SFT-5=0.916889441256177;SFT-6=0.9140331579218,SFT-4 > SFT-5 > SFT-6 > SFT-2 > SFT-3 > SFT-1,SFT-4,SFT-4 > SFT-5 > SFT-6 > SFT-2 > SFT-3 > SFT-1,SFT-4,NO,NO,4.44089209850063e-16,SECONDARY_SOURCE_ARTIFACT_AUDIT_ONLY__NOT_PRIMARY_NATIVE_SENSITIVITY
S15,SOURCE_AS_PUBLISHED_WORKBOOK,EU,0.55,0,"SFT-1=[0.797389443849389,0.913396714478086];SFT-2=[0.833988082726488,0.965285959491757];SFT-3=[0.829679555939125,0.939848651557653];SFT-4=[0.862002855629308,0.999995090743853];SFT-5=[0.847851751203671,0.985882807784781];SFT-6=[0.85075054213048,0.979600579233902]",SFT-1=0.855393079163738;SFT-2=0.899637021109123;SFT-3=0.884764103748389;SFT-4=0.93099897318658;SFT-5=0.916867279494226;SFT-6=0.915175560682191,SFT-4 > SFT-5 > SFT-6 > SFT-2 > SFT-3 > SFT-1,SFT-4,SFT-4 > SFT-5 > SFT-6 > SFT-2 > SFT-3 > SFT-1,SFT-4,NO,NO,4.44089209850063e-16,SECONDARY_SOURCE_ARTIFACT_AUDIT_ONLY__NOT_PRIMARY_NATIVE_SENSITIVITY
S16,SOURCE_AS_PUBLISHED_WORKBOOK,EU,0.45,0,"SFT-1=[0.797785507801791,0.914131885728914];SFT-2=[0.83302021411142,0.965178859417556];SFT-3=[0.830031656567459,0.939855602949764];SFT-4=[0.862230666101568,0.999994946582145];SFT-5=[0.847531627569592,0.986174017079236];SFT-6=[0.851910455675599,0.980773867023609]",SFT-1=0.855958696765353;SFT-2=0.899099536764488;SFT-3=0.884943629758612;SFT-4=0.931112806341857;SFT-5=0.916852822324414;SFT-6=0.916342161349604,SFT-4 > SFT-5 > SFT-6 > SFT-2 > SFT-3 > SFT-1,SFT-4,SFT-4 > SFT-5 > SFT-6 > SFT-2 > SFT-3 > SFT-1,SFT-4,NO,NO,5.55111512312578e-16,SECONDARY_SOURCE_ARTIFACT_AUDIT_ONLY__NOT_PRIMARY_NATIVE_SENSITIVITY
S17,SOURCE_AS_PUBLISHED_WORKBOOK,EU,0.35,0,"SFT-1=[0.798191397876026,0.914876574013037];SFT-2=[0.832051506721009,0.965068800972909];SFT-3=[0.830400065594692,0.939861737573289];SFT-4=[0.862478399691102,0.999994799623935];SFT-5=[0.847221979063996,0.986469704073583];SFT-6=[0.853100341351134,0.98196617809099]",SFT-1=0.856533985944532;SFT-2=0.898560153846959;SFT-3=0.885130901583991;SFT-4=0.931236599657518;SFT-5=0.916845841568789;SFT-6=0.917533259721062,SFT-4 > SFT-6 > SFT-5 > SFT-2 > SFT-3 > SFT-1,SFT-4,SFT-4 > SFT-6 > SFT-5 > SFT-2 > SFT-3 > SFT-1,SFT-4,NO,NO,4.44089209850063e-16,SECONDARY_SOURCE_ARTIFACT_AUDIT_ONLY__NOT_PRIMARY_NATIVE_SENSITIVITY
S18,SOURCE_AS_PUBLISHED_WORKBOOK,EU,0.25,0,"SFT-1=[0.798606946365497,0.915630958161629];SFT-2=[0.831081119488024,0.964955680731573];SFT-3=[0.830784587087661,0.939867012332341];SFT-4=[0.86274577040228,0.999994649842321];SFT-5=[0.846922268602362,0.986769973534825];SFT-6=[0.854320376668309,0.983177982413429]",SFT-1=0.857118952263563;SFT-2=0.898018400109798;SFT-3=0.885325799710001;SFT-4=0.931370210122301;SFT-5=0.916846121068593;SFT-6=0.918749179540869,SFT-4 > SFT-6 > SFT-5 > SFT-2 > SFT-3 > SFT-1,SFT-4,SFT-4 > SFT-6 > SFT-5 > SFT-2 > SFT-3 > SFT-1,SFT-4,NO,NO,4.44089209850063e-16,SECONDARY_SOURCE_ARTIFACT_AUDIT_ONLY__NOT_PRIMARY_NATIVE_SENSITIVITY
S19,SOURCE_AS_PUBLISHED_WORKBOOK,EU,0.15,0,"SFT-1=[0.799031994218537,0.916395221052432];SFT-2=[0.830108219534278,0.96483939077813];SFT-3=[0.831185044814551,0.939871381910943];SFT-4=[0.863032519831955,0.999994497210404];SFT-5=[0.846631978030536,0.987074933536468];SFT-6=[0.855570771331378,0.98440976569938]",SFT-1=0.857713607635485;SFT-2=0.897473805156204;SFT-3=0.885528213362747;SFT-4=0.931513508521179;SFT-5=0.916853455783502;SFT-6=0.919990268515379,SFT-4 > SFT-6 > SFT-5 > SFT-2 > SFT-3 > SFT-1,SFT-4,SFT-4 > SFT-6 > SFT-5 > SFT-2 > SFT-3 > SFT-1,SFT-4,NO,NO,3.33066907387547e-16,SECONDARY_SOURCE_ARTIFACT_AUDIT_ONLY__NOT_PRIMARY_NATIVE_SENSITIVITY
S20,SOURCE_AS_PUBLISHED_WORKBOOK,EU,0.05,0,"SFT-1=[0.799466390148508,0.917169549697019];SFT-2=[0.829131979854565,0.964719818473425];SFT-3=[0.83160128114368,0.939874798645455];SFT-4=[0.863338415754563,0.999994341701287];SFT-5=[0.846350606306745,0.987384695590467];SFT-6=[0.856851766747785,0.985662030057292]",SFT-1=0.858317969922763;SFT-2=0.896925899163995;SFT-3=0.885738039894567;SFT-4=0.931666378727925;SFT-5=0.916867650948606;SFT-6=0.921256898402539,SFT-4 > SFT-6 > SFT-5 > SFT-2 > SFT-3 > SFT-1,SFT-4,SFT-4 > SFT-6 > SFT-5 > SFT-2 > SFT-3 > SFT-1,SFT-4,NO,NO,4.44089209850063e-16,SECONDARY_SOURCE_ARTIFACT_AUDIT_ONLY__NOT_PRIMARY_NATIVE_SENSITIVITY
S21,SOURCE_AS_PUBLISHED_WORKBOOK,MSC,0.95,2,"SFT-1=[0.794192150223937,0.909943519999208];SFT-2=[0.837099978914628,0.965676647895997];SFT-3=[0.827066697179938,0.939611275798834];SFT-4=[0.860112898400535,0.999995581665742];SFT-5=[0.848258933009698,0.984577310944094];SFT-6=[0.844764769998947,0.974424007673374]",SFT-1=0.852067835111572;SFT-2=0.901388313405312;SFT-3=0.883338986489386;SFT-4=0.930054240033138;SFT-5=0.916418121976896;SFT-6=0.90959438883616,SFT-4 > SFT-5 > SFT-6 > SFT-2 > SFT-3 > SFT-1,SFT-4,SFT-4 > SFT-5 > SFT-6 > SFT-2 > SFT-3 > SFT-1,SFT-4,NO,NO,0.000638143504781197,SECONDARY_SOURCE_ARTIFACT_AUDIT_ONLY__NOT_PRIMARY_NATIVE_SENSITIVITY
S22,SOURCE_AS_PUBLISHED_WORKBOOK,MSC,0.85,2,"SFT-1=[0.791141321718687,0.909432206737086];SFT-2=[0.834620917808341,0.965563940569653];SFT-3=[0.824625587824733,0.939221210256503];SFT-4=[0.857905736563886,0.999995326712549];SFT-5=[0.84593524348887,0.984482674594561];SFT-6=[0.84252896250448,0.974185462777194]",SFT-1=0.850286764227886;SFT-2=0.900092429188997;SFT-3=0.881923399040618;SFT-4=0.928950531638217;SFT-5=0.915208959041715;SFT-6=0.908357212640837,SFT-4 > SFT-5 > SFT-6 > SFT-2 > SFT-3 > SFT-1,SFT-4,SFT-4 > SFT-5 > SFT-6 > SFT-2 > SFT-3 > SFT-1,SFT-4,NO,NO,0.0019602808705621,SECONDARY_SOURCE_ARTIFACT_AUDIT_ONLY__NOT_PRIMARY_NATIVE_SENSITIVITY
S23,SOURCE_AS_PUBLISHED_WORKBOOK,MSC,0.75,2,"SFT-1=[0.788131951636329,0.908927150860899];SFT-2=[0.832184704449233,0.965453435587073];SFT-3=[0.822225441659235,0.938836325534966];SFT-4=[0.855741825315077,0.999995062126674];SFT-5=[0.843654108542189,0.984389312342952];SFT-6=[0.840334189067524,0.973949655448581]",SFT-1=0.848529551248614;SFT-2=0.898819070018153;SFT-3=0.880530883597101;SFT-4=0.927868443720876;SFT-5=0.91402171044257;SFT-6=0.907141922258053,SFT-4 > SFT-5 > SFT-6 > SFT-2 > SFT-3 > SFT-1,SFT-4,SFT-4 > SFT-5 > SFT-6 > SFT-2 > SFT-3 > SFT-1,SFT-4,NO,NO,0.0033465885905658,SECONDARY_SOURCE_ARTIFACT_AUDIT_ONLY__NOT_PRIMARY_NATIVE_SENSITIVITY
S24,SOURCE_AS_PUBLISHED_WORKBOOK,MSC,0.65,2,"SFT-1=[0.785162077469335,0.908428066259589];SFT-2=[0.829789233907479,0.965345018655283];SFT-3=[0.819864302151586,0.93845642585683];SFT-4=[0.853618926918956,0.999994787728491];SFT-5=[0.841413373114118,0.984297172325787];SFT-6=[0.83817839281171,0.973716503466823]",SFT-1=0.846795071864462;SFT-2=0.897567126281381;SFT-3=0.879160364004208;SFT-4=0.926806857323724;SFT-5=0.912855272719953;SFT-6=0.905947448139266,SFT-4 > SFT-5 > SFT-6 > SFT-2 > SFT-3 > SFT-1,SFT-4,SFT-4 > SFT-5 > SFT-6 > SFT-2 > SFT-3 > SFT-1,SFT-4,NO,NO,0.00480110427271019,SECONDARY_SOURCE_ARTIFACT_AUDIT_ONLY__NOT_PRIMARY_NATIVE_SENSITIVITY
S25,SOURCE_AS_PUBLISHED_WORKBOOK,MSC,0.55,2,"SFT-1=[0.782229879918663,0.907934685903121];SFT-2=[0.827432566009664,0.96523858399133];SFT-3=[0.817540364782456,0.938081328842674];SFT-4=[0.851534983065545,0.999994503338282];SFT-5=[0.839211052708286,0.984206206246462];SFT-6=[0.836059679644843,0.973485929816864]",SFT-1=0.845082282910892;SFT-2=0.896335575000497;SFT-3=0.877810846812565;SFT-4=0.925764743201914;SFT-5=0.911708629477374;SFT-6=0.904772804730853,SFT-4 > SFT-5 > SFT-6 > SFT-2 > SFT-3 > SFT-1,SFT-4,SFT-4 > SFT-5 > SFT-6 > SFT-2 > SFT-3 > SFT-1,SFT-4,NO,NO,0.00632835242441021,SECONDARY_SOURCE_ARTIFACT_AUDIT_ONLY__NOT_PRIMARY_NATIVE_SENSITIVITY
S26,SOURCE_AS_PUBLISHED_WORKBOOK,MSC,0.45,2,"SFT-1=[0.779333668385612,0.907446760034409];SFT-2=[0.825112908449367,0.965134033503073];SFT-3=[0.815251961519739,0.937710864247219];SFT-4=[0.849488096370191,0.999994208776227];SFT-5=[0.837045315854233,0.984116369037548];SFT-6=[0.833976301549599,0.973257862208939]",SFT-1=0.843390214210011;SFT-2=0.89512347097622;SFT-3=0.876481412883479;SFT-4=0.924741152573209;SFT-5=0.91058084244589;SFT-6=0.903617081879269,SFT-4 > SFT-5 > SFT-6 > SFT-2 > SFT-3 > SFT-1,SFT-4,SFT-4 > SFT-5 > SFT-6 > SFT-2 > SFT-3 > SFT-1,SFT-4,NO,NO,0.00793339301961227,SECONDARY_SOURCE_ARTIFACT_AUDIT_ONLY__NOT_PRIMARY_NATIVE_SENSITIVITY
S27,SOURCE_AS_PUBLISHED_WORKBOOK,MSC,0.35,2,"SFT-1=[0.776471868221198,0.906964054566986];SFT-2=[0.822828601955595,0.965031276063528];SFT-3=[0.812997547180177,0.937344872839205];SFT-4=[0.847476514134342,0.999993903862409];SFT-5=[0.83491446871322,0.984027618561517];SFT-6=[0.83192664191025,0.973032232652576]",SFT-1=0.841717961394092;SFT-2=0.893929939009561;SFT-3=0.875171210009691;SFT-4=0.923735208998375;SFT-5=0.909471043637368;SFT-6=0.902479437281413,SFT-4 > SFT-5 > SFT-6 > SFT-2 > SFT-3 > SFT-1,SFT-4,SFT-4 > SFT-5 > SFT-6 > SFT-2 > SFT-3 > SFT-1,SFT-4,NO,NO,0.00962187940372183,SECONDARY_SOURCE_ARTIFACT_AUDIT_ONLY__NOT_PRIMARY_NATIVE_SENSITIVITY
S28,SOURCE_AS_PUBLISHED_WORKBOOK,MSC,0.25,2,"SFT-1=[0.773643009488718,0.906486349661498];SFT-2=[0.820578107231773,0.9649302268665];SFT-3=[0.810775687415043,0.936983205406177];SFT-4=[0.845498614050653,0.999993588416802];SFT-5=[0.832816941524199,0.983939915344871];SFT-6=[0.829909202591216,0.972808977077854]",SFT-1=0.840064679575108;SFT-2=0.892754167049137;SFT-3=0.87387944641061;SFT-4=0.922746101233728;SFT-5=0.908378428434535;SFT-6=0.901359089834535,SFT-4 > SFT-5 > SFT-6 > SFT-2 > SFT-3 > SFT-1,SFT-4,SFT-4 > SFT-5 > SFT-6 > SFT-2 > SFT-3 > SFT-1,SFT-4,NO,NO,0.0114001270039431,SECONDARY_SOURCE_ARTIFACT_AUDIT_ONLY__NOT_PRIMARY_NATIVE_SENSITIVITY
S29,SOURCE_AS_PUBLISHED_WORKBOOK,MSC,0.15,2,"SFT-1=[0.770845717033247,0.906013438458048];SFT-2=[0.818359993422957,0.964830806853067];SFT-3=[0.808585048098067,0.936625721868136];SFT-4=[0.843552891585716,0.999993262259273];SFT-5=[0.830751276637825,0.98385322234138];SFT-6=[0.827922592527718,0.972588034997872]",SFT-1=0.838429577745647;SFT-2=0.891595400138012;SFT-3=0.872605384983102;SFT-4=0.921773076922495;SFT-5=0.907302249489602;SFT-6=0.900255313762795,SFT-4 > SFT-5 > SFT-6 > SFT-2 > SFT-3 > SFT-1,SFT-4,SFT-4 > SFT-5 > SFT-6 > SFT-2 > SFT-3 > SFT-1,SFT-4,NO,NO,0.0132751948416621,SECONDARY_SOURCE_ARTIFACT_AUDIT_ONLY__NOT_PRIMARY_NATIVE_SENSITIVITY
S30,SOURCE_AS_PUBLISHED_WORKBOOK,MSC,0.05,2,"SFT-1=[0.768078701683364,0.905545125944746];SFT-2=[0.816172927906108,0.964732942199963];SFT-3=[0.806424385927748,0.936272290486337];SFT-4=[0.841637948814725,0.999992925209577];SFT-5=[0.828716117925145,0.983767504720753];SFT-6=[0.825965517625578,0.972369349207216]",SFT-1=0.836811913814055;SFT-2=0.890452935053035;SFT-3=0.871348338207042;SFT-4=0.920815437012151;SFT-5=0.906241811322949;SFT-6=0.899167433416397,SFT-4 > SFT-5 > SFT-6 > SFT-2 > SFT-3 > SFT-1,SFT-4,SFT-4 > SFT-5 > SFT-6 > SFT-2 > SFT-3 > SFT-1,SFT-4,NO,NO,0.0152549854870121,SECONDARY_SOURCE_ARTIFACT_AUDIT_ONLY__NOT_PRIMARY_NATIVE_SENSITIVITY
