scenario_id,implementation_branch,reduced_criterion,reduction_factor,weight_vector_low,weight_vector_high,terminal_rough_Y,terminal_Y_crisp,complete_weak_order,winner_set,baseline_winner_retained,baseline_top2_both_retained,MARD_vs_primary_reconstruction,Kendall_tau_b_vs_primary_reconstruction,source_comparison_status
S1,SOURCE_DEFINED_EQ31,PC,0.95,EIS=0.0265651362984218;SR=0.0531302725968436;CMI=0.0122608321377331;CS=0.0316738163558106;EU=0.0939997130559541;RS=0.0694780487804878;SFR=0.0132825681492109;QSS=0.0326955523672884;F=0.0500650645624103;IC=0.064369368723099;PC=0.28785;MSC=0.163477761836442,EIS=0.0307970903522205;SR=0.0626207503828484;CMI=0.0133454058192956;CS=0.041062787136294;EU=0.131400918836141;RS=0.096497549770291;SFR=0.0184782542113323;QSS=0.0441424961715161;F=0.0769927258805513;IC=0.0657004594180704;PC=0.32965;MSC=0.195048238897397,"SFT-1=[0.796246725060773,0.912806108753184];SFT-2=[0.837847182144916,0.968174144606957];SFT-3=[0.827093231129652,0.940755598790618];SFT-4=[0.858943574355943,0.999995741024299];SFT-5=[0.847940864899292,0.984891019378974];SFT-6=[0.843348780239642,0.974214133716405]",SFT-1=0.854526416906978;SFT-2=0.903010663375936;SFT-3=0.883924414960135;SFT-4=0.929469657690121;SFT-5=0.916415942139133;SFT-6=0.908781456978024,SFT-4 > SFT-5 > SFT-6 > SFT-2 > SFT-3 > SFT-1,SFT-4,YES,YES,0,1,DOCUMENTED_SOURCE_COMPARISON_AVAILABLE
S2,SOURCE_DEFINED_EQ31,PC,0.85,EIS=0.0276954088952654;SR=0.0553908177905308;CMI=0.0127824964131994;CS=0.0330214490674318;EU=0.0979991391678623;RS=0.0724341463414634;SFR=0.0138477044476327;QSS=0.0340866571018651;F=0.052195193687231;IC=0.067108106169297;PC=0.25755;MSC=0.170433285509326,EIS=0.0323912710566616;SR=0.0658622511485452;CMI=0.0140362174578867;CS=0.0431883614088821;EU=0.138202756508423;RS=0.101492649310873;SFR=0.0194347626339969;QSS=0.0464274885145482;F=0.0809781776416539;IC=0.0691013782542113;PC=0.29495;MSC=0.20514471669219,"SFT-1=[0.797331333355476,0.918136781379505];SFT-2=[0.836955644002095,0.973303866381793];SFT-3=[0.824811350035517,0.942806053901882];SFT-4=[0.85449524086919,0.99999585816969];SFT-5=[0.845080303413874,0.98546883255698];SFT-6=[0.83839491852074,0.973606126636863]",SFT-1=0.857734057367491;SFT-2=0.905129755191944;SFT-3=0.883808701968699;SFT-4=0.92724554951944;SFT-5=0.915274567985427;SFT-6=0.906000522578802,SFT-4 > SFT-5 > SFT-6 > SFT-2 > SFT-3 > SFT-1,SFT-4,YES,YES,0,1,DOCUMENTED_SOURCE_COMPARISON_AVAILABLE
S3,SOURCE_DEFINED_EQ31,PC,0.75,EIS=0.028825681492109;SR=0.0576513629842181;CMI=0.0133041606886657;CS=0.0343690817790531;EU=0.10199856527977;RS=0.075390243902439;SFR=0.0144128407460545;QSS=0.0354777618364419;F=0.0543253228120517;IC=0.069846843615495;PC=0.22725;MSC=0.177388809182209,EIS=0.0339854517611026;SR=0.069103751914242;CMI=0.0147270290964778;CS=0.0453139356814701;EU=0.145004594180704;RS=0.106487748851455;SFR=0.0203912710566616;QSS=0.0487124808575804;F=0.0849636294027565;IC=0.0725022970903522;PC=0.26025;MSC=0.215241194486983,"SFT-1=[0.798501476871812,0.92366608100467];SFT-2=[0.836234186246944,0.978812783940823];SFT-3=[0.822708984398757,0.945080843799812];SFT-4=[0.850210793058753,0.999996041054239];SFT-5=[0.842389241529877,0.986110290053287];SFT-6=[0.833623435857474,0.973066502365769]",SFT-1=0.861083778938241;SFT-2=0.907523485093884;SFT-3=0.883894914099284;SFT-4=0.925103417056496;SFT-5=0.914249765791582;SFT-6=0.903344969111621,SFT-4 > SFT-5 > SFT-2 > SFT-6 > SFT-3 > SFT-1,SFT-4,YES,YES,0.333333333333333,0.866666666666667,DOCUMENTED_SOURCE_COMPARISON_AVAILABLE
S4,SOURCE_DEFINED_EQ31,PC,0.65,EIS=0.0299559540889527;SR=0.0599119081779053;CMI=0.013825824964132;CS=0.0357167144906743;EU=0.105997991391679;RS=0.0783463414634146;SFR=0.0149779770444763;QSS=0.0368688665710186;F=0.0564554519368723;IC=0.072585581061693;PC=0.19695;MSC=0.184344332855093,EIS=0.0355796324655436;SR=0.0723452526799387;CMI=0.0154178407350689;CS=0.0474395099540582;EU=0.151806431852986;RS=0.111482848392037;SFR=0.0213477794793262;QSS=0.0509974732006125;F=0.0889490811638591;IC=0.0759032159264931;PC=0.22555;MSC=0.225337672281776,"SFT-1=[0.799039313577512,0.928413446714598];SFT-2=[0.834860822388456,0.983660519390657];SFT-3=[0.819985118225308,0.946569473634574];SFT-4=[0.845226532224997,0.998894874618798];SFT-5=[0.839022822135092,0.985733288132922];SFT-6=[0.828201373666891,0.97154482666489]",SFT-1=0.863726380146055;SFT-2=0.909260670889556;SFT-3=0.883277295929941;SFT-4=0.922060703421898;SFT-5=0.912378055134007;SFT-6=0.89987310016589,SFT-4 > SFT-5 > SFT-2 > SFT-6 > SFT-3 > SFT-1,SFT-4,YES,YES,0.333333333333333,0.866666666666667,DOCUMENTED_SOURCE_COMPARISON_AVAILABLE
S5,SOURCE_DEFINED_EQ31,PC,0.55,EIS=0.0310862266857963;SR=0.0621724533715925;CMI=0.0143474892395983;CS=0.0370643472022956;EU=0.109997417503587;RS=0.0813024390243902;SFR=0.0155431133428981;QSS=0.0382599713055954;F=0.058585581061693;IC=0.075324318507891;PC=0.16665;MSC=0.191299856527977,EIS=0.0371738131699847;SR=0.0755867534456355;CMI=0.01610865237366;CS=0.0495650842266462;EU=0.158608269525268;RS=0.116477947932619;SFR=0.0223042879019908;QSS=0.0532824655436447;F=0.0929345329249617;IC=0.079304134762634;PC=0.19085;MSC=0.23543415007657,"SFT-1=[0.798830090393359,0.932266057041205];SFT-2=[0.832730920545724,0.987770516513158];SFT-3=[0.816541724880667,0.9471676899558];SFT-4=[0.839448994388781,0.996569291556809];SFT-5=[0.834881213929868,0.98421695892197];SFT-6=[0.822041252305879,0.968928633346762]",SFT-1=0.865548073717282;SFT-2=0.910250718529441;SFT-3=0.881854707418234;SFT-4=0.918009142972795;SFT-5=0.909549086425919;SFT-6=0.895484942826321,SFT-4 > SFT-2 > SFT-5 > SFT-6 > SFT-3 > SFT-1,SFT-4,YES,NO,0.666666666666667,0.733333333333333,DOCUMENTED_SOURCE_COMPARISON_AVAILABLE
S6,SOURCE_DEFINED_EQ31,PC,0.45,EIS=0.0322164992826399;SR=0.0644329985652798;CMI=0.0148691535150646;CS=0.0384119799139168;EU=0.113996843615495;RS=0.0842585365853659;SFR=0.0161082496413199;QSS=0.0396510760401722;F=0.0607157101865136;IC=0.078063055954089;PC=0.13635;MSC=0.198255380200861,EIS=0.0387679938744257;SR=0.0788282542113323;CMI=0.0167994640122511;CS=0.0516906584992343;EU=0.16541010719755;RS=0.121473047473201;SFR=0.0232607963246554;QSS=0.0555674578866769;F=0.0969199846860643;IC=0.0827050535987749;PC=0.15615;MSC=0.245530627871363,"SFT-1=[0.798776849595081,0.936554693137642];SFT-2=[0.830867622698585,0.992600387641274];SFT-3=[0.813360375603803,0.948182368706316];SFT-4=[0.833921933667339,0.99438058750162];SFT-5=[0.830993240631914,0.982906396509343];SFT-6=[0.816147194127868,0.966515226953813]",SFT-1=0.867665771366362;SFT-2=0.911734005169929;SFT-3=0.880771372155059;SFT-4=0.914151260584479;SFT-5=0.906949818570628;SFT-6=0.891331210540841,SFT-4 > SFT-2 > SFT-5 > SFT-6 > SFT-3 > SFT-1,SFT-4,YES,NO,0.666666666666667,0.733333333333333,DOCUMENTED_SOURCE_COMPARISON_AVAILABLE
S7,SOURCE_DEFINED_EQ31,PC,0.35,EIS=0.0333467718794835;SR=0.066693543758967;CMI=0.0153908177905308;CS=0.039759612625538;EU=0.117996269727403;RS=0.0872146341463415;SFR=0.0166733859397417;QSS=0.0410421807747489;F=0.0628458393113343;IC=0.0808017934002869;PC=0.10605;MSC=0.205210903873745,EIS=0.0403621745788668;SR=0.0820697549770291;CMI=0.0174902756508423;CS=0.0538162327718224;EU=0.172211944869832;RS=0.126468147013783;SFR=0.0242173047473201;QSS=0.057852450229709;F=0.100905436447167;IC=0.0861059724349158;PC=0.12145;MSC=0.255627105666156,"SFT-1=[0.798895050302798,0.941362196249083];SFT-2=[0.829274906595209,0.99826421149117];SFT-3=[0.810433459859079,0.949644863540309];SFT-4=[0.82862378059749,0.992317043192863];SFT-5=[0.827345047363923,0.981795801390958];SFT-6=[0.810496517625511,0.964292411624076]",SFT-1=0.87012862327594;SFT-2=0.913769559043189;SFT-3=0.880039161699694;SFT-4=0.910470411895177;SFT-5=0.90457042437744;SFT-6=0.887394464624794,SFT-2 > SFT-4 > SFT-5 > SFT-6 > SFT-3 > SFT-1,SFT-2,NO,NO,1,0.6,DOCUMENTED_SOURCE_COMPARISON_AVAILABLE
S8,SOURCE_DEFINED_EQ31,PC,0.25,EIS=0.0344770444763271;SR=0.0689540889526542;CMI=0.0159124820659971;CS=0.0411072453371593;EU=0.121995695839311;RS=0.0901707317073171;SFR=0.0172385222381636;QSS=0.0424332855093257;F=0.0649759684361549;IC=0.0835405308464849;PC=0.07575;MSC=0.212166427546628,EIS=0.0419563552833078;SR=0.0853112557427259;CMI=0.0181810872894334;CS=0.0559418070444104;EU=0.179013782542113;RS=0.131463246554364;SFR=0.0251738131699847;QSS=0.0601374425727412;F=0.10489088820827;IC=0.0895068912710567;PC=0.08675;MSC=0.265723583460949,"SFT-1=[0.796708947053487,0.94278382419191];SFT-2=[0.825188835597862,0.999981977601155];SFT-3=[0.805196788221456,0.947311141519786];SFT-4=[0.820803292024431,0.985538417261213];SFT-5=[0.821191136250395,0.976183960980276];SFT-6=[0.802541398577804,0.957713638963711]",SFT-1=0.869746385622698;SFT-2=0.912585406599509;SFT-3=0.876253964870621;SFT-4=0.903170854642822;SFT-5=0.898687548615335;SFT-6=0.880127518770757,SFT-2 > SFT-4 > SFT-5 > SFT-6 > SFT-3 > SFT-1,SFT-2,NO,NO,1,0.6,DOCUMENTED_SOURCE_COMPARISON_AVAILABLE
S9,SOURCE_DEFINED_EQ31,PC,0.15,EIS=0.0356073170731707;SR=0.0712146341463415;CMI=0.0164341463414634;CS=0.0424548780487805;EU=0.12599512195122;RS=0.0931268292682927;SFR=0.0178036585365854;QSS=0.0438243902439024;F=0.0671060975609756;IC=0.0862792682926829;PC=0.04545;MSC=0.219121951219512,EIS=0.0435505359877488;SR=0.0885527565084226;CMI=0.0188718989280245;CS=0.0580673813169985;EU=0.185815620214395;RS=0.136458346094946;SFR=0.0261303215926493;QSS=0.0624224349157733;F=0.108876339969372;IC=0.0929078101071975;PC=0.05205;MSC=0.275820061255743,"SFT-1=[0.793515569091261,0.942695233189867];SFT-2=[0.820019156795386,0.999988466623769];SFT-3=[0.798979524296901,0.943184048323046];SFT-4=[0.811920915560582,0.976414895433433];SFT-5=[0.813955892512396,0.968339698832345];SFT-6=[0.793649804077446,0.948994948181371]",SFT-1=0.868105401140564;SFT-2=0.910003811709577;SFT-3=0.871081786309974;SFT-4=0.894167905497007;SFT-5=0.89114779567237;SFT-6=0.871322376129409,SFT-2 > SFT-4 > SFT-5 > SFT-6 > SFT-3 > SFT-1,SFT-2,NO,NO,1,0.6,DOCUMENTED_SOURCE_COMPARISON_AVAILABLE
S10,SOURCE_DEFINED_EQ31,PC,0.05,EIS=0.0367375896700143;SR=0.0734751793400287;CMI=0.0169558106169297;CS=0.0438025107604017;EU=0.129994548063128;RS=0.0960829268292683;SFR=0.0183687948350072;QSS=0.0452154949784792;F=0.0692362266857963;IC=0.0890180057388809;PC=0.01515;MSC=0.226077474892396,EIS=0.0451447166921899;SR=0.0917942572741194;CMI=0.0195627105666156;CS=0.0601929555895865;EU=0.192617457886677;RS=0.141453445635528;SFR=0.0270868300153139;QSS=0.0647074272588055;F=0.112861791730475;IC=0.0963087289433384;PC=0.01735;MSC=0.285916539050536,"SFT-1=[0.790197937650845,0.942494467343051];SFT-2=[0.814731431004721,0.999995907881072];SFT-3=[0.792677102634739,0.93871623856011];SFT-4=[0.802946764082776,0.966612896728399];SFT-5=[0.80659742010317,0.959868848365856];SFT-6=[0.784722958547626,0.939694364083624]",SFT-1=0.866346202496948;SFT-2=0.907363669442897;SFT-3=0.865696670597425;SFT-4=0.884779830405588;SFT-5=0.883233134234513;SFT-6=0.862208661315625,SFT-2 > SFT-4 > SFT-5 > SFT-1 > SFT-3 > SFT-6,SFT-2,NO,NO,1.66666666666667,0.2,DOCUMENTED_SOURCE_COMPARISON_AVAILABLE
S11,SOURCE_DEFINED_EQ31,EU,0.95,EIS=0.026131718061674;SR=0.052263436123348;CMI=0.0120607929515418;CS=0.0311570484581498;EU=0.0874;RS=0.0683444933920705;SFR=0.013065859030837;QSS=0.0321621145374449;F=0.0492482378854626;IC=0.0633191629955947;PC=0.304535022026432;MSC=0.160810572687225,EIS=0.0302201834862385;SR=0.0614477064220183;CMI=0.0130954128440367;CS=0.0402935779816514;EU=0.1216;RS=0.0946899082568807;SFR=0.0181321100917431;QSS=0.0433155963302752;F=0.0755504587155963;IC=0.0644697247706422;PC=0.349546788990826;MSC=0.191394495412844,"SFT-1=[0.79590715966124,0.910547759971531];SFT-2=[0.837868414759599,0.965686699525296];SFT-3=[0.828438915158757,0.939813469030806];SFT-4=[0.861297621107052,0.999995639963741];SFT-5=[0.849248512790936,0.984760761101695];SFT-6=[0.846408223318142,0.975088777112089]",SFT-1=0.853227459816385;SFT-2=0.901777557142447;SFT-3=0.884126192094781;SFT-4=0.930646630535396;SFT-5=0.917004636946315;SFT-6=0.910748500215116,SFT-4 > SFT-5 > SFT-6 > SFT-2 > SFT-3 > SFT-1,SFT-4,YES,YES,0,1,DOCUMENTED_SOURCE_COMPARISON_AVAILABLE
S12,SOURCE_DEFINED_EQ31,EU,0.85,EIS=0.026395154185022;SR=0.052790308370044;CMI=0.0121823788546255;CS=0.0314711453744493;EU=0.0782;RS=0.0690334801762115;SFR=0.013197577092511;QSS=0.0324863436123348;F=0.0497447136563877;IC=0.0639574889867841;PC=0.307605066079295;MSC=0.162431718061674,EIS=0.0306605504587156;SR=0.062343119266055;CMI=0.0132862385321101;CS=0.0408807339449541;EU=0.1088;RS=0.0960697247706422;SFR=0.0183963302752294;QSS=0.0439467889908257;F=0.076651376146789;IC=0.0654091743119266;PC=0.354640366972477;MSC=0.194183486238532,"SFT-1=[0.79626203544371,0.911246573493715];SFT-2=[0.836895240555453,0.965590480972912];SFT-3=[0.828723385005991,0.939823296893934];SFT-4=[0.861442270189074,0.999995506718998];SFT-5=[0.848880669031927,0.985035045424396];SFT-6=[0.847449355681762,0.976190378576217]",SFT-1=0.853754304468712;SFT-2=0.901242860764182;SFT-3=0.884273340949962;SFT-4=0.930718888454036;SFT-5=0.916957857228162;SFT-6=0.911819867128989,SFT-4 > SFT-5 > SFT-6 > SFT-2 > SFT-3 > SFT-1,SFT-4,YES,YES,0,1,DOCUMENTED_SOURCE_COMPARISON_AVAILABLE
S13,SOURCE_DEFINED_EQ31,EU,0.75,EIS=0.02665859030837;SR=0.0533171806167401;CMI=0.0123039647577093;CS=0.0317852422907489;EU=0.069;RS=0.0697224669603524;SFR=0.013329295154185;QSS=0.0328105726872247;F=0.0502411894273128;IC=0.0645958149779736;PC=0.310675110132159;MSC=0.164052863436123,EIS=0.0311009174311927;SR=0.0632385321100917;CMI=0.0134770642201835;CS=0.0414678899082569;EU=0.096;RS=0.0974495412844037;SFR=0.0186605504587156;QSS=0.0445779816513761;F=0.0777522935779816;IC=0.066348623853211;PC=0.359733944954128;MSC=0.19697247706422,"SFT-1=[0.796627514029163,0.911954227464247];SFT-2=[0.835924723347909,0.965491677102085];SFT-3=[0.829025169361203,0.939832460462589];SFT-4=[0.861608295387033,0.999995370785374];SFT-5=[0.848525678535017,0.985313419010427];SFT-6=[0.84852008611644,0.977309268446744]",SFT-1=0.854290870746705;SFT-2=0.900708200224997;SFT-3=0.884428814911896;SFT-4=0.930801833086203;SFT-5=0.916919548772722;SFT-6=0.912914677281592,SFT-4 > SFT-5 > SFT-6 > SFT-2 > SFT-3 > SFT-1,SFT-4,YES,YES,0,1,DOCUMENTED_SOURCE_COMPARISON_AVAILABLE
S14,SOURCE_DEFINED_EQ31,EU,0.65,EIS=0.0269220264317181;SR=0.0538440528634361;CMI=0.012425550660793;CS=0.0320993392070485;EU=0.0598;RS=0.0704114537444934;SFR=0.013461013215859;QSS=0.0331348017621145;F=0.0507376651982379;IC=0.065234140969163;PC=0.313745154185022;MSC=0.165674008810573,EIS=0.0315412844036697;SR=0.0641339449541284;CMI=0.0136678899082569;CS=0.0420550458715596;EU=0.0832;RS=0.0988293577981651;SFR=0.0189247706422018;QSS=0.0452091743119266;F=0.0788532110091743;IC=0.0672880733944954;PC=0.36482752293578;MSC=0.199761467889908,"SFT-1=[0.797003383309066,0.912670885389144];SFT-2=[0.834955964223016,0.965390200353702];SFT-3=[0.829343980534804,0.939840924392591];SFT-4=[0.861795283406394,0.999995232135961];SFT-5=[0.848182907908531,0.985595974603823];SFT-6=[0.849620456004283,0.978445859839318]",SFT-1=0.854837134349105;SFT-2=0.900173082288359;SFT-3=0.884592452463698;SFT-4=0.930895257771177;SFT-5=0.916889441256177;SFT-6=0.9140331579218,SFT-4 > SFT-5 > SFT-6 > SFT-2 > SFT-3 > SFT-1,SFT-4,YES,YES,0,1,DOCUMENTED_SOURCE_COMPARISON_AVAILABLE
S15,SOURCE_DEFINED_EQ31,EU,0.55,EIS=0.0271854625550661;SR=0.0543709251101322;CMI=0.0125471365638767;CS=0.032413436123348;EU=0.0506;RS=0.0711004405286344;SFR=0.013592731277533;QSS=0.0334590308370044;F=0.051234140969163;IC=0.0658724669603524;PC=0.316815198237885;MSC=0.167295154185022,EIS=0.0319816513761468;SR=0.0650293577981651;CMI=0.0138587155963303;CS=0.0426422018348624;EU=0.0704;RS=0.100209174311927;SFR=0.0191889908256881;QSS=0.0458403669724771;F=0.079954128440367;IC=0.0682275229357798;PC=0.369921100917431;MSC=0.202550458715596,"SFT-1=[0.797389443849389,0.913396714478086];SFT-2=[0.833988082726488,0.965285959491757];SFT-3=[0.829679555939125,0.939848651557653];SFT-4=[0.862002855629308,0.999995090743853];SFT-5=[0.847851751203671,0.985882807784781];SFT-6=[0.85075054213048,0.979600579233902]",SFT-1=0.855393079163738;SFT-2=0.899637021109123;SFT-3=0.884764103748389;SFT-4=0.93099897318658;SFT-5=0.916867279494226;SFT-6=0.915175560682191,SFT-4 > SFT-5 > SFT-6 > SFT-2 > SFT-3 > SFT-1,SFT-4,YES,YES,0,1,DOCUMENTED_SOURCE_COMPARISON_AVAILABLE
S16,SOURCE_DEFINED_EQ31,EU,0.45,EIS=0.0274488986784141;SR=0.0548977973568282;CMI=0.0126687224669604;CS=0.0327275330396476;EU=0.0414;RS=0.0717894273127753;SFR=0.013724449339207;QSS=0.0337832599118943;F=0.0517306167400881;IC=0.0665107929515418;PC=0.319885242290749;MSC=0.168916299559471,EIS=0.0324220183486238;SR=0.0659247706422018;CMI=0.0140495412844037;CS=0.0432293577981651;EU=0.0576;RS=0.101588990825688;SFR=0.0194532110091743;QSS=0.0464715596330275;F=0.0810550458715596;IC=0.0691669724770642;PC=0.375014678899083;MSC=0.205339449541284,"SFT-1=[0.797785507801791,0.914131885728914];SFT-2=[0.83302021411142,0.965178859417556];SFT-3=[0.830031656567459,0.939855602949764];SFT-4=[0.862230666101568,0.999994946582145];SFT-5=[0.847531627569592,0.986174017079236];SFT-6=[0.851910455675599,0.980773867023609]",SFT-1=0.855958696765353;SFT-2=0.899099536764488;SFT-3=0.884943629758611;SFT-4=0.931112806341857;SFT-5=0.916852822324414;SFT-6=0.916342161349604,SFT-4 > SFT-5 > SFT-6 > SFT-2 > SFT-3 > SFT-1,SFT-4,YES,YES,0,1,DOCUMENTED_SOURCE_COMPARISON_AVAILABLE
S17,SOURCE_DEFINED_EQ31,EU,0.35,EIS=0.0277123348017621;SR=0.0554246696035242;CMI=0.0127903083700441;CS=0.0330416299559471;EU=0.0322;RS=0.0724784140969163;SFR=0.0138561674008811;QSS=0.0341074889867841;F=0.0522270925110132;IC=0.0671491189427313;PC=0.322955286343612;MSC=0.170537444933921,EIS=0.0328623853211009;SR=0.0668201834862385;CMI=0.0142403669724771;CS=0.0438165137614679;EU=0.0448;RS=0.10296880733945;SFR=0.0197174311926606;QSS=0.047102752293578;F=0.0821559633027523;IC=0.0701064220183486;PC=0.380108256880734;MSC=0.208128440366972,"SFT-1=[0.798191397876026,0.914876574013037];SFT-2=[0.832051506721009,0.965068800972909];SFT-3=[0.830400065594692,0.939861737573289];SFT-4=[0.862478399691102,0.999994799623935];SFT-5=[0.847221979063996,0.986469704073583];SFT-6=[0.853100341351134,0.98196617809099]",SFT-1=0.856533985944532;SFT-2=0.898560153846959;SFT-3=0.885130901583991;SFT-4=0.931236599657518;SFT-5=0.916845841568789;SFT-6=0.917533259721062,SFT-4 > SFT-6 > SFT-5 > SFT-2 > SFT-3 > SFT-1,SFT-4,YES,NO,0.333333333333333,0.866666666666667,DOCUMENTED_SOURCE_COMPARISON_AVAILABLE
S18,SOURCE_DEFINED_EQ31,EU,0.25,EIS=0.0279757709251101;SR=0.0559515418502203;CMI=0.0129118942731278;CS=0.0333557268722467;EU=0.023;RS=0.0731674008810573;SFR=0.0139878854625551;QSS=0.034431718061674;F=0.0527235682819383;IC=0.0677874449339207;PC=0.326025330396476;MSC=0.17215859030837,EIS=0.033302752293578;SR=0.0677155963302752;CMI=0.0144311926605505;CS=0.0444036697247706;EU=0.032;RS=0.104348623853211;SFR=0.0199816513761468;QSS=0.0477339449541284;F=0.083256880733945;IC=0.071045871559633;PC=0.385201834862385;MSC=0.210917431192661,"SFT-1=[0.798606946365497,0.915630958161629];SFT-2=[0.831081119488024,0.964955680731573];SFT-3=[0.830784587087661,0.939867012332341];SFT-4=[0.86274577040228,0.999994649842321];SFT-5=[0.846922268602362,0.986769973534825];SFT-6=[0.854320376668309,0.983177982413429]",SFT-1=0.857118952263563;SFT-2=0.898018400109798;SFT-3=0.885325799710001;SFT-4=0.931370210122301;SFT-5=0.916846121068593;SFT-6=0.918749179540869,SFT-4 > SFT-6 > SFT-5 > SFT-2 > SFT-3 > SFT-1,SFT-4,YES,NO,0.333333333333333,0.866666666666667,DOCUMENTED_SOURCE_COMPARISON_AVAILABLE
S19,SOURCE_DEFINED_EQ31,EU,0.15,EIS=0.0282392070484581;SR=0.0564784140969163;CMI=0.0130334801762115;CS=0.0336698237885463;EU=0.0138;RS=0.0738563876651982;SFR=0.0141196035242291;QSS=0.0347559471365639;F=0.0532200440528634;IC=0.0684257709251101;PC=0.329095374449339;MSC=0.173779735682819,EIS=0.033743119266055;SR=0.0686110091743119;CMI=0.0146220183486239;CS=0.0449908256880734;EU=0.0192;RS=0.105728440366972;SFR=0.020245871559633;QSS=0.0483651376146789;F=0.0843577981651376;IC=0.0719853211009174;PC=0.390295412844037;MSC=0.213706422018349,"SFT-1=[0.799031994218537,0.916395221052432];SFT-2=[0.830108219534277,0.96483939077813];SFT-3=[0.831185044814551,0.939871381910943];SFT-4=[0.863032519831955,0.999994497210404];SFT-5=[0.846631978030536,0.987074933536468];SFT-6=[0.855570771331378,0.98440976569938]",SFT-1=0.857713607635485;SFT-2=0.897473805156204;SFT-3=0.885528213362747;SFT-4=0.931513508521179;SFT-5=0.916853455783502;SFT-6=0.919990268515379,SFT-4 > SFT-6 > SFT-5 > SFT-2 > SFT-3 > SFT-1,SFT-4,YES,NO,0.333333333333333,0.866666666666667,DOCUMENTED_SOURCE_COMPARISON_AVAILABLE
S20,SOURCE_DEFINED_EQ31,EU,0.05,EIS=0.0285026431718062;SR=0.0570052863436123;CMI=0.0131550660792952;CS=0.0339839207048458;EU=0.0046;RS=0.0745453744493392;SFR=0.0142513215859031;QSS=0.0350801762114537;F=0.0537165198237885;IC=0.0690640969162996;PC=0.332165418502203;MSC=0.175400881057269,EIS=0.0341834862385321;SR=0.0695064220183486;CMI=0.0148128440366972;CS=0.0455779816513762;EU=0.0064;RS=0.107108256880734;SFR=0.0205100917431193;QSS=0.0489963302752294;F=0.0854587155963303;IC=0.0729247706422018;PC=0.395388990825688;MSC=0.216495412844037,"SFT-1=[0.799466390148508,0.917169549697019];SFT-2=[0.829131979854565,0.964719818473425];SFT-3=[0.83160128114368,0.939874798645455];SFT-4=[0.863338415754563,0.999994341701287];SFT-5=[0.846350606306745,0.987384695590467];SFT-6=[0.856851766747785,0.985662030057292]",SFT-1=0.858317969922763;SFT-2=0.896925899163995;SFT-3=0.885738039894567;SFT-4=0.931666378727925;SFT-5=0.916867650948606;SFT-6=0.921256898402539,SFT-4 > SFT-6 > SFT-5 > SFT-2 > SFT-3 > SFT-1,SFT-4,YES,NO,0.333333333333333,0.866666666666667,DOCUMENTED_SOURCE_COMPARISON_AVAILABLE
S21,SOURCE_DEFINED_EQ31,MSC,0.95,EIS=0.026247619047619;SR=0.0524952380952381;CMI=0.0121142857142857;CS=0.0312952380952381;EU=0.0928761904761905;RS=0.0686476190476191;SFR=0.0131238095238095;QSS=0.0323047619047619;F=0.0494666666666667;IC=0.0636;PC=0.305885714285714;MSC=0.152,EIS=0.0303518518518518;SR=0.0617154320987654;CMI=0.0131524691358025;CS=0.0404691358024691;EU=0.129501234567901;RS=0.0951024691358025;SFR=0.0182111111111111;QSS=0.0435043209876543;F=0.0758796296296296;IC=0.0647506172839506;PC=0.35106975308642;MSC=0.1805,"SFT-1=[0.794772516494415,0.909694687188291];SFT-2=[0.837108084421058,0.96496334792845];SFT-3=[0.826989224250597,0.939128953304899];SFT-4=[0.860045891974477,0.999995842268146];SFT-5=[0.847942590972905,0.984164867535887];SFT-6=[0.844357486204834,0.973555004457924]",SFT-1=0.852233601841353;SFT-2=0.901035716174754;SFT-3=0.883059088777748;SFT-4=0.930020867121312;SFT-5=0.916053729254396;SFT-6=0.908956245331379,SFT-4 > SFT-5 > SFT-6 > SFT-2 > SFT-3 > SFT-1,SFT-4,YES,YES,0,1,DOCUMENTED_SOURCE_COMPARISON_AVAILABLE
S22,SOURCE_DEFINED_EQ31,MSC,0.85,EIS=0.0267428571428571;SR=0.0534857142857143;CMI=0.0123428571428571;CS=0.0318857142857143;EU=0.0946285714285714;RS=0.0699428571428572;SFR=0.0133714285714286;QSS=0.0329142857142857;F=0.0504;IC=0.0648;PC=0.311657142857143;MSC=0.136,EIS=0.0310555555555556;SR=0.0631462962962963;CMI=0.0134574074074074;CS=0.0414074074074074;EU=0.132503703703704;RS=0.0973074074074074;SFR=0.0186333333333333;QSS=0.044512962962963;F=0.0776388888888889;IC=0.0662518518518519;PC=0.359209259259259;MSC=0.1615,"SFT-1=[0.79281248371252,0.908599318524138];SFT-2=[0.83458411291656,0.963342155225161];SFT-3=[0.824344984548588,0.937723828727272];SFT-4=[0.857666500162517,0.999996138294394];SFT-5=[0.844933331371887,0.983206517799916];SFT-6=[0.841268794194023,0.971525069346526]",SFT-1=0.850705901118329;SFT-2=0.89896313407086;SFT-3=0.88103440663793;SFT-4=0.928831319228456;SFT-5=0.914069924585901;SFT-6=0.906396931770275,SFT-4 > SFT-5 > SFT-6 > SFT-2 > SFT-3 > SFT-1,SFT-4,YES,YES,0,1,DOCUMENTED_SOURCE_COMPARISON_AVAILABLE
S23,SOURCE_DEFINED_EQ31,MSC,0.75,EIS=0.0272380952380952;SR=0.0544761904761905;CMI=0.0125714285714286;CS=0.0324761904761905;EU=0.0963809523809524;RS=0.0712380952380952;SFR=0.0136190476190476;QSS=0.0335238095238095;F=0.0513333333333333;IC=0.066;PC=0.317428571428571;MSC=0.12,EIS=0.0317592592592593;SR=0.0645771604938272;CMI=0.0137623456790123;CS=0.0423456790123457;EU=0.135506172839506;RS=0.0995123456790123;SFR=0.0190555555555556;QSS=0.0455216049382716;F=0.0793981481481481;IC=0.0677530864197531;PC=0.367348765432099;MSC=0.1425,"SFT-1=[0.790802042348843,0.90739273070619];SFT-2=[0.832021526797649,0.9616094056137];SFT-3=[0.821677453680283,0.936253294630054];SFT-4=[0.855279792868652,0.999996465310236];SFT-5=[0.841895570911387,0.982194049974698];SFT-6=[0.838169439111335,0.969421228223638]",SFT-1=0.849097386527517;SFT-2=0.896815466205674;SFT-3=0.878965374155169;SFT-4=0.927638129089444;SFT-5=0.912044810443043;SFT-6=0.903795333667487,SFT-4 > SFT-5 > SFT-6 > SFT-2 > SFT-3 > SFT-1,SFT-4,YES,YES,0,1,DOCUMENTED_SOURCE_COMPARISON_AVAILABLE
S24,SOURCE_DEFINED_EQ31,MSC,0.65,EIS=0.0277333333333333;SR=0.0554666666666667;CMI=0.0128;CS=0.0330666666666667;EU=0.0981333333333333;RS=0.0725333333333333;SFR=0.0138666666666667;QSS=0.0341333333333333;F=0.0522666666666667;IC=0.0672;PC=0.3232;MSC=0.104,EIS=0.032462962962963;SR=0.066008024691358;CMI=0.0140672839506173;CS=0.0432839506172839;EU=0.138508641975309;RS=0.101717283950617;SFR=0.0194777777777778;QSS=0.0465302469135802;F=0.0811574074074074;IC=0.0692543209876543;PC=0.375488271604938;MSC=0.1235,"SFT-1=[0.7887405783844,0.906071485227223];SFT-2=[0.82941790273929,0.95975902534916];SFT-3=[0.81898434178809,0.934712692951256];SFT-4=[0.852883658322558,0.999996824241431];SFT-5=[0.83882616280531,0.981122649602024];SFT-6=[0.835056311435381,0.96723637629773]",SFT-1=0.847406031805812;SFT-2=0.894588464044225;SFT-3=0.876848517369673;SFT-4=0.926440241281995;SFT-5=0.909974406203667;SFT-6=0.901146343866556,SFT-4 > SFT-5 > SFT-6 > SFT-2 > SFT-3 > SFT-1,SFT-4,YES,YES,0,1,DOCUMENTED_SOURCE_COMPARISON_AVAILABLE
S25,SOURCE_DEFINED_EQ31,MSC,0.55,EIS=0.0282285714285714;SR=0.0564571428571429;CMI=0.0130285714285714;CS=0.0336571428571429;EU=0.0998857142857143;RS=0.0738285714285714;SFR=0.0141142857142857;QSS=0.0347428571428571;F=0.0532;IC=0.0684;PC=0.328971428571429;MSC=0.088,EIS=0.0331666666666667;SR=0.0674388888888889;CMI=0.0143722222222222;CS=0.0442222222222222;EU=0.141511111111111;RS=0.103922222222222;SFR=0.0199;QSS=0.0475388888888889;F=0.0829166666666667;IC=0.0707555555555556;PC=0.383627777777778;MSC=0.1045,"SFT-1=[0.786627276150011,0.904631674571255];SFT-2=[0.826770571692759,0.957784370574304];SFT-3=[0.816263137371631,0.93309685213329];SFT-4=[0.850475765454651,0.999997216010099];SFT-5=[0.835721735381333,0.979986970413442];SFT-6=[0.831926086449282,0.964962818163604]",SFT-1=0.845629475360633;SFT-2=0.892277471133532;SFT-3=0.874679994752461;SFT-4=0.925236490732375;SFT-5=0.907854352897388;SFT-6=0.898444452306443,SFT-4 > SFT-5 > SFT-6 > SFT-2 > SFT-3 > SFT-1,SFT-4,YES,YES,0,1,DOCUMENTED_SOURCE_COMPARISON_AVAILABLE
S26,SOURCE_DEFINED_EQ31,MSC,0.45,EIS=0.0287238095238095;SR=0.057447619047619;CMI=0.0132571428571429;CS=0.034247619047619;EU=0.101638095238095;RS=0.0751238095238095;SFR=0.0143619047619048;QSS=0.035352380952381;F=0.0541333333333333;IC=0.0696;PC=0.334742857142857;MSC=0.072,EIS=0.0338703703703704;SR=0.0688697530864198;CMI=0.0146771604938272;CS=0.0451604938271605;EU=0.144513580246914;RS=0.106127160493827;SFR=0.0203222222222222;QSS=0.0485475308641975;F=0.0846759259259259;IC=0.0722567901234568;PC=0.391767283950617;MSC=0.0855,"SFT-1=[0.784461111096813,0.903068886581647];SFT-2=[0.824076595408806,0.955678167341541];SFT-3=[0.813511082149329,0.931400020243016];SFT-4=[0.848053529714193,0.999997641531446];SFT-5=[0.832578665633148,0.978781054353011];SFT-6=[0.828775192365471,0.962592185353842]",SFT-1=0.84376499883923;SFT-2=0.889877381375173;SFT-3=0.872455551196172;SFT-4=0.924025585622819;SFT-5=0.905679859993079;SFT-6=0.895683688859657,SFT-4 > SFT-5 > SFT-6 > SFT-2 > SFT-3 > SFT-1,SFT-4,YES,YES,0,1,DOCUMENTED_SOURCE_COMPARISON_AVAILABLE
S27,SOURCE_DEFINED_EQ31,MSC,0.35,EIS=0.0292190476190476;SR=0.0584380952380952;CMI=0.0134857142857143;CS=0.0348380952380952;EU=0.103390476190476;RS=0.0764190476190476;SFR=0.0146095238095238;QSS=0.0359619047619048;F=0.0550666666666667;IC=0.0708;PC=0.340514285714286;MSC=0.056,EIS=0.0345740740740741;SR=0.0703006172839506;CMI=0.0149820987654321;CS=0.0460987654320988;EU=0.147516049382716;RS=0.108332098765432;SFR=0.0207444444444444;QSS=0.0495561728395062;F=0.0864351851851852;IC=0.073758024691358;PC=0.399906790123457;MSC=0.0665,"SFT-1=[0.78224084098859,0.901378163278652];SFT-2=[0.821332739614559,0.953432443282062];SFT-3=[0.810725142184913,0.929615786873441];SFT-4=[0.845614072664973,0.999998101705006];SFT-5=[0.829393049511905,0.977498237130959];SFT-6=[0.825599774063753,0.960115341691628]",SFT-1=0.841809502133621;SFT-2=0.88738259144831;SFT-3=0.870170464529177;SFT-4=0.922806087184989;SFT-5=0.903445643321432;SFT-6=0.892857557877691,SFT-4 > SFT-5 > SFT-6 > SFT-2 > SFT-3 > SFT-1,SFT-4,YES,YES,0,1,DOCUMENTED_SOURCE_COMPARISON_AVAILABLE
S28,SOURCE_DEFINED_EQ31,MSC,0.25,EIS=0.0297142857142857;SR=0.0594285714285714;CMI=0.0137142857142857;CS=0.0354285714285714;EU=0.105142857142857;RS=0.0777142857142857;SFR=0.0148571428571429;QSS=0.0365714285714286;F=0.056;IC=0.072;PC=0.346285714285714;MSC=0.04,EIS=0.0352777777777778;SR=0.0717314814814815;CMI=0.015287037037037;CS=0.047037037037037;EU=0.150518518518518;RS=0.110537037037037;SFR=0.0211666666666667;QSS=0.0505648148148148;F=0.0881944444444444;IC=0.0752592592592592;PC=0.408046296296296;MSC=0.0475,"SFT-1=[0.779964995365737,0.899553953375721];SFT-2=[0.818535443310667,0.951038449594532];SFT-3=[0.807901974610465,0.927736991591619];SFT-4=[0.843154173934655,0.999998597384949];SFT-5=[0.826160668399976,0.976131036102215];SFT-6=[0.822395651578064,0.957522274083119]",SFT-1=0.839759474370729;SFT-2=0.8847869464526;SFT-3=0.867819483101042;SFT-4=0.921576385659802;SFT-5=0.901145852251096;SFT-6=0.889958962830592,SFT-4 > SFT-5 > SFT-6 > SFT-2 > SFT-3 > SFT-1,SFT-4,YES,YES,0,1,DOCUMENTED_SOURCE_COMPARISON_AVAILABLE
S29,SOURCE_DEFINED_EQ31,MSC,0.15,EIS=0.0302095238095238;SR=0.0604190476190476;CMI=0.0139428571428571;CS=0.0360190476190476;EU=0.106895238095238;RS=0.0790095238095238;SFR=0.0151047619047619;QSS=0.0371809523809524;F=0.0569333333333333;IC=0.0732;PC=0.352057142857143;MSC=0.024,EIS=0.0359814814814815;SR=0.0731623456790123;CMI=0.015591975308642;CS=0.0479753086419753;EU=0.153520987654321;RS=0.112741975308642;SFR=0.0215888888888889;QSS=0.0515734567901234;F=0.0899537037037037;IC=0.0767604938271605;PC=0.416185802469136;MSC=0.0285,"SFT-1=[0.777631862926989,0.897590057535427];SFT-2=[0.815680783381724,0.948486571772499];SFT-3=[0.805037888968661,0.925755616025367];SFT-4=[0.840670213550691,0.999999129231884];SFT-5=[0.822876950937778,0.974671016334531];SFT-6=[0.819158272116183,0.954801965726083]",SFT-1=0.837610960231208;SFT-2=0.882083677577111;SFT-3=0.865396752497014;SFT-4=0.920334671391287;SFT-5=0.898773983636154;SFT-6=0.886980118921133,SFT-4 > SFT-5 > SFT-6 > SFT-2 > SFT-3 > SFT-1,SFT-4,YES,YES,0,1,DOCUMENTED_SOURCE_COMPARISON_AVAILABLE
S30,SOURCE_DEFINED_EQ31,MSC,0.05,EIS=0.0307047619047619;SR=0.0614095238095238;CMI=0.0141714285714286;CS=0.0366095238095238;EU=0.108647619047619;RS=0.0803047619047619;SFR=0.015352380952381;QSS=0.0377904761904762;F=0.0578666666666667;IC=0.0744;PC=0.357828571428571;MSC=0.008,EIS=0.0366851851851852;SR=0.0745932098765432;CMI=0.0158969135802469;CS=0.0489135802469136;EU=0.156523456790123;RS=0.114946913580247;SFR=0.0220111111111111;QSS=0.0525820987654321;F=0.091712962962963;IC=0.0782617283950617;PC=0.424325308641975;MSC=0.0095,"SFT-1=[0.775239473049887,0.895479563941394];SFT-2=[0.812764430194533,0.945766227181539];SFT-3=[0.802128798628226,0.923662653062506];SFT-4=[0.838158098814362,0.999999695786908];SFT-5=[0.819536925856132,0.973108627657358];SFT-6=[0.815882650772901,0.951942245085868]",SFT-1=0.83535951849564;SFT-2=0.879265328688036;SFT-3=0.862895725845366;SFT-4=0.919078897300635;SFT-5=0.896322776756745;SFT-6=0.883912447929385,SFT-4 > SFT-5 > SFT-6 > SFT-2 > SFT-3 > SFT-1,SFT-4,YES,YES,0,1,DOCUMENTED_SOURCE_COMPARISON_AVAILABLE
